{"stats":{"minecraft:picked_up":{"minecraft:warped_sign":1,"minecraft:diamond_block":1,"minecraft:stone_pressure_plate":1},"minecraft:killed":{"minecraft:zombie":919,"minecraft:chicken":10,"minecraftsurvivors_mod:red_zombie":21},"minecraft:mined":{"minecraft:glowstone":4},"minecraft:dropped":{"minecraft:stone_pressure_plate":1,"minecraft:diamond_block":1,"minecraft:warped_sign":2},"minecraft:killed_by":{"minecraftsurvivors_mod:red_zombie":1,"minecraft:zombie":31},"minecraft:custom":{"minecraft:time_since_rest":57,"minecraft:crouch_one_cm":177,"minecraft:play_one_minute":89095,"minecraft:sprint_one_cm":115189,"minecraft:damage_taken":9660,"minecraft:deaths":42,"minecraft:walk_one_cm":542828,"minecraft:sneak_time":189,"minecraft:mob_kills":951,"minecraft:drop":4,"minecraft:jump":661,"minecraft:damage_dealt":5518,"minecraft:leave_game":37,"minecraft:time_since_death":57,"minecraft:fall_one_cm":31885,"minecraft:fly_one_cm":115042},"minecraft:used":{"minecraft:bedrock":1,"minecraft:diamond_block":1,"minecraft:stone_pressure_plate":1,"minecraft:warped_sign":3}},"DataVersion":2586}